<?xml version="1.0" encoding="UTF-8" ?>
<beans xmlns="http://www.springframework.org/schema/beans"
	xmlns:p="http://www.springframework.org/schema/p" xmlns:context="http://www.springframework.org/schema/context"
	xmlns:tx="http://www.springframework.org/schema/tx" xmlns:xsi="http://www.w3.org/2001/XMLSchema-instance"
	xmlns:mvc="http://www.springframework.org/schema/mvc" xmlns:security="http://www.springframework.org/schema/security"
	xsi:schemaLocation="http://www.springframework.org/schema/beans 
						http://www.springframework.org/schema/beans/spring-beans-3.0.xsd
						http://www.springframework.org/schema/context 
						http://www.springframework.org/schema/context/spring-context-3.0.xsd
						http://www.springframework.org/schema/tx 
						http://www.springframework.org/schema/tx/spring-tx-3.0.xsd
						http://www.springframework.org/schema/mvc 
						http://www.springframework.org/schema/mvc/spring-mvc-3.0.xsd
						http://www.springframework.org/schema/security
						http://www.springframework.org/schema/security/spring-security-4.0.xsd">
	
	<context:annotation-config />
	
 	<tx:annotation-driven transaction-manager="transactionManager"/>
 	
	<context:component-scan base-package="com.softtek.acceleo.demo.*" />
	<context:component-scan base-package="com.softtek.acceleo.demo.service" />
	<context:component-scan base-package="com.softtek.acceleo.demo.catalogo.bean" />
	<context:component-scan base-package="com.softtek.acceleo.demo.catalogo.controller" />
	<context:component-scan base-package="com.softtek.acceleo.demo.domain" />
	
	<!-- PARA DESHABILITAR LA SEGURIDAD
	<context:component-scan base-package="com.softtek.acceleo.demo.security" />
	<context:component-scan base-package="com.softtek.acceleo.demo.security.controller" />
	-->
	
	<!-- <context:component-scan base-package="com.softtek.acceleo.demo.security.model" /> -->
<!--
 	<context:component-scan base-package="com.softtek.acceleo.demo.security.repository" />
	<context:component-scan base-package="com.softtek.acceleo.demo.security.rest" />
 -->
	<mvc:resources mapping="/resources/**" location="/resources/static/" />

	<mvc:annotation-driven />

	<bean id="sessionFactory"
		class="org.springframework.orm.hibernate3.annotation.AnnotationSessionFactoryBean">
		<property name="dataSource" ref="dataSource" />
		<property name="packagesToScan" value="com.softtek.acceleo.demo.domain" />
		<!-- <property name="packagesToScan" value="com.softtek.acceleo.demo.security.model" /> -->
		<property name="hibernateProperties">
			<props>
				<prop key="hibernate.dialect">org.hibernate.dialect.MySQL5Dialect</prop>
				
				
			      <prop key="hibernate.show_sql" >true</prop>
			      <prop key="hibernate.format_sql" >true</prop>
			      <prop key="hibernate.use_sql_comments">true</prop>
				
			</props>
		</property>
	</bean>

	<bean id="dataSource"
		class="org.springframework.jdbc.datasource.DriverManagerDataSource">
		<property name="driverClassName" value="com.mysql.jdbc.Driver"></property>
		<!-- <property name="url" value="jdbc:mysql://172.16.70.91:3306/demoacceleo"></property> -->
		<property name="url" value="jdbc:mysql://localhost:3306/demoacceleo?serverTimezone=UTC"></property>
		<property name="username" value="root"></property>
		<property name="password" value="12345678"></property>
	</bean>

	<bean id="transactionManager"
		class="org.springframework.orm.hibernate3.HibernateTransactionManager">
		<property name="sessionFactory" ref="sessionFactory" />
	</bean>

	<bean id="persistenceExceptionTranslationPostProcessor"
		class="org.springframework.dao.annotation.PersistenceExceptionTranslationPostProcessor" />

</beans>
